{
  "hubs": [
    {
      "x": 0,
      "y": 38,
      "width": 1728,
      "height": 1079,
      "state": {
        "sidebar": {
          "width": 300,
          "expanded": [
            "/DriverStation/Joystick0/AxisValues",
            "/DriverStation/Joystick0/POVs",
            "/RealOutputs",
            "/RealOutputs/Drivetrain",
            "/RealOutputs/Drivetrain/Pose",
            "/RealOutputs/Drivetrain/Pose/rotation",
            "/RealOutputs/Drivetrain/Pose/translation"
          ]
        },
        "tabs": {
          "selected": 2,
          "tabs": [
            {
              "type": 0,
              "path": "../docs/INDEX.md"
            },
            {
              "type": 1,
              "legends": {
                "left": {
                  "lockedRange": null,
                  "unitConversion": {
                    "type": null,
                    "factor": 1
                  },
                  "fields": [
                    {
                      "key": "/PowerDistribution/Voltage",
                      "color": "#2b66a2",
                      "show": true
                    }
                  ]
                },
                "discrete": {
                  "fields": []
                },
                "right": {
                  "lockedRange": null,
                  "unitConversion": {
                    "type": null,
                    "factor": 1
                  },
                  "fields": []
                }
              },
              "title": "Battery Voltage"
            },
            {
              "type": 5,
              "uuid": "639yydbtvc70ma03d15vnq68r03xhucw",
              "fields": [],
              "listFields": [
                [
                  {
                    "type": "Robot",
                    "key": "/RealOutputs/Drivetrain/Pose",
                    "sourceTypeIndex": 1,
                    "sourceType": "Pose2d"
                  }
                ]
              ],
              "options": {
                "game": "2024 Field",
                "unitDistance": "meters",
                "unitRotation": "radians",
                "origin": "right",
                "size": 0.76,
                "allianceBumpers": "auto",
                "allianceOrigin": "blue",
                "orientation": "blue left, red right"
              },
              "configHidden": false,
              "visualizer": null,
              "title": "Field"
            },
            {
              "type": 3,
              "field": "/RealOutputs/Console",
              "title": "Console"
            }
          ]
        }
      }
    }
  ],
  "satellites": [],
  "version": "3.1.0"
}
